lat,lon,kecamatan,kepadatan_penduduk,jumlah_sekolah_500m,jumlah_pasar_1km,jumlah_kampus_1km,jumlah_restoran_500m,jumlah_kafe_500m,jumlah_halte_500m,jumlah_kompetitor_500m,success_score,kategori
-6.98,107.55,bandung kulon,21397.0,0,0,0,0,0,0,0,18.377364681255923,Rendah
-6.98,107.55799999999999,bandung kulon,21397.0,0,0,0,0,0,0,0,16.47242931870867,Rendah
-6.98,107.56599999999999,bandung kulon,21397.0,0,0,0,0,0,0,0,18.830287836524302,Rendah
-6.98,107.57399999999998,bandung kulon,21397.0,0,0,0,0,0,0,0,21.4563117914463,Rendah
-6.98,107.58199999999998,bojongloa kidul,14278.0,0,0,0,0,0,0,0,12.229762098052214,Rendah
-6.98,107.58999999999997,bojongloa kidul,14278.0,0,0,0,0,0,0,0,12.22981135137468,Rendah
-6.98,107.59799999999997,bojongloa kidul,14278.0,0,0,0,0,0,0,0,17.6698606687444,Rendah
-6.98,107.60599999999997,bojongloa kidul,14278.0,0,0,0,0,0,0,0,15.23452640968095,Rendah
-6.98,107.61399999999996,bandung kidul,10306.0,0,0,0,0,0,0,0,9.317132397750699,Rendah
-6.98,107.62199999999996,bandung kidul,10306.0,0,0,0,0,0,0,0,12.35323568631345,Rendah
-6.98,107.62999999999995,buahbatu,13472.0,0,0,0,0,0,0,0,11.09419136600706,Rendah
-6.98,107.63799999999995,buahbatu,13472.0,0,0,0,0,0,0,0,11.087255183733674,Rendah
-6.98,107.64599999999994,buahbatu,13472.0,0,0,0,0,0,0,0,13.210331259142547,Rendah
-6.98,107.66199999999994,rancasari,12071.0,0,0,0,0,0,0,0,6.531357613572013,Rendah
-6.98,107.66999999999993,rancasari,12071.0,0,0,0,0,0,0,0,10.019248523388192,Rendah
-6.98,107.67799999999993,rancasari,12071.0,0,0,0,0,0,0,0,8.66761775010784,Rendah
-6.98,107.68599999999992,gedebage,4530.0,0,0,0,0,0,0,0,8.45940866445249,Rendah
-6.98,107.69399999999992,gedebage,4530.0,0,0,0,0,0,0,0,4.792594440103034,Rendah
-6.98,107.70199999999991,gedebage,4530.0,0,0,0,0,0,0,0,3.2797555626607933,Rendah
-6.972,107.55,bandung kulon,21397.0,0,0,0,0,0,0,0,17.089806836285995,Rendah
-6.972,107.55799999999999,bandung kulon,21397.0,0,0,0,0,0,0,0,12.612977663581853,Rendah
-6.972,107.56599999999999,bandung kulon,21397.0,0,0,0,0,0,0,0,15.254074048646675,Rendah
-6.972,107.57399999999998,bandung kulon,21397.0,0,0,0,0,0,0,0,17.219989991351824,Rendah
-6.972,107.58199999999998,babakan ciparay,19694.0,0,0,0,0,0,0,0,12.488130378844202,Rendah
-6.972,107.58999999999997,bojongloa kidul,14278.0,0,0,0,0,0,0,0,14.059316277259239,Rendah
-6.972,107.59799999999997,bojongloa kidul,14278.0,0,0,0,0,0,0,0,11.130306152465808,Rendah
-6.972,107.60599999999997,bojongloa kidul,14278.0,0,0,0,0,0,0,0,12.057140972842392,Rendah
-6.972,107.61399999999996,bandung kidul,10306.0,0,0,0,0,0,0,0,8.920435718867365,Rendah
-6.972,107.62199999999996,bandung kidul,10306.0,0,0,0,0,0,0,0,16.282390109082368,Rendah
-6.972,107.62999999999995,buahbatu,13472.0,0,0,0,0,0,0,0,12.443952770230643,Rendah
-6.972,107.63799999999995,buahbatu,13472.0,0,0,0,0,0,0,0,9.311311657576745,Rendah
-6.972,107.65399999999994,rancasari,12071.0,0,0,0,0,0,0,0,8.043580161198044,Rendah
-6.972,107.66199999999994,rancasari,12071.0,0,0,0,0,0,0,0,12.332701896125378,Rendah
-6.972,107.66999999999993,rancasari,12071.0,0,0,0,0,0,0,0,5.827100739471785,Rendah
-6.972,107.67799999999993,rancasari,12071.0,0,0,0,0,0,0,0,7.72155296441582,Rendah
-6.972,107.68599999999992,gedebage,4530.0,0,0,0,0,0,0,0,8.107250374274038,Rendah
-6.972,107.69399999999992,gedebage,4530.0,0,0,0,0,0,0,0,9.732066406652898,Rendah
-6.972,107.70199999999991,gedebage,4530.0,0,0,0,0,0,0,0,8.03077151023658,Rendah
-6.972,107.70999999999991,gedebage,4530.0,0,0,0,0,0,0,0,7.169721819501946,Rendah
-6.972,107.7179999999999,gedebage,4530.0,0,0,0,0,0,0,0,6.613355579898801,Rendah
-6.964,107.55,bandung kulon,21397.0,0,0,0,0,0,0,0,12.451656251119942,Rendah
-6.964,107.55799999999999,bandung kulon,21397.0,0,0,0,0,0,0,0,14.727689597038099,Rendah
-6.964,107.56599999999999,bandung kulon,21397.0,0,0,0,0,0,0,0,15.505305909342862,Rendah
-6.964,107.57399999999998,bandung kulon,21397.0,0,0,0,0,0,0,0,20.05858890087897,Rendah
-6.964,107.58999999999997,bojongloa kidul,14278.0,1,0,0,0,0,1,0,10.64310175613402,Rendah
-6.964,107.60599999999997,bojongloa kidul,14278.0,0,0,0,0,0,0,0,11.776975380973273,Rendah
-6.964,107.62199999999996,bandung kidul,10306.0,0,0,0,0,1,1,1,14.460584422078162,Rendah
-6.964,107.63799999999995,buahbatu,13472.0,0,0,0,0,0,0,0,15.278284801793042,Rendah
-6.964,107.64599999999994,buahbatu,13472.0,0,0,0,1,0,0,1,10.366791874776531,Rendah
-6.964,107.65399999999994,rancasari,12071.0,3,0,0,0,0,0,0,13.778473983557468,Rendah
-6.964,107.66999999999993,rancasari,12071.0,0,0,0,0,0,0,0,14.632746492478189,Rendah
-6.964,107.67799999999993,rancasari,12071.0,1,0,0,0,0,0,0,11.268588397575243,Rendah
-6.964,107.68599999999992,gedebage,4530.0,0,0,0,0,0,0,0,6.959689736675216,Rendah
-6.964,107.69399999999992,gedebage,4530.0,0,0,0,1,1,0,2,4.497661744648582,Rendah
-6.964,107.70199999999991,gedebage,4530.0,3,0,0,3,1,0,4,8.028046794424654,Rendah
-6.964,107.70999999999991,gedebage,4530.0,0,0,0,0,0,0,0,9.954244133849262,Rendah
-6.964,107.7179999999999,gedebage,4530.0,0,0,0,0,0,0,0,11.585386752379137,Rendah
-6.956,107.55,bandung kulon,21397.0,0,0,0,0,0,0,0,16.671191857481222,Rendah
-6.956,107.55799999999999,bandung kulon,21397.0,0,0,0,0,0,0,0,19.897820915898297,Rendah
-6.956,107.56599999999999,bandung kulon,21397.0,0,0,0,0,0,0,0,17.972130297365126,Rendah
-6.956,107.57399999999998,bandung kulon,21397.0,0,0,0,0,0,0,0,14.951862958406851,Rendah
-6.956,107.58199999999998,babakan ciparay,19694.0,0,0,0,1,0,0,1,17.425297927636354,Rendah
-6.956,107.59799999999997,bojongloa kidul,14278.0,2,0,1,2,0,0,2,19.62474410489237,Rendah
-6.956,107.60599999999997,bojongloa kidul,14278.0,1,0,0,9,7,0,16,21.526153189664242,Rendah
-6.956,107.61399999999996,bandung kidul,10306.0,0,0,0,1,0,0,1,3.266320243286323,Rendah
-6.956,107.62199999999996,bandung kidul,10306.0,1,0,2,0,0,0,0,22.19126306868123,Rendah
-6.956,107.62999999999995,bandung kidul,10306.0,0,0,2,1,0,0,1,19.38669676027007,Rendah
-6.956,107.63799999999995,buahbatu,13472.0,0,1,0,0,0,1,0,16.587422393046843,Rendah
-6.956,107.64599999999994,buahbatu,13472.0,1,1,0,0,0,0,0,16.759726774050954,Rendah
-6.956,107.65399999999994,rancasari,12071.0,3,0,0,0,0,0,0,8.743404367308433,Rendah
-6.956,107.66999999999993,rancasari,12071.0,1,0,0,0,0,0,0,13.777448825646353,Rendah
-6.956,107.67799999999993,gedebage,4530.0,0,0,0,0,0,0,0,11.950348800891216,Rendah
-6.956,107.68599999999992,gedebage,4530.0,0,0,0,1,2,0,3,6.161856011845724,Rendah
-6.956,107.69399999999992,gedebage,4530.0,1,2,0,30,12,0,42,22.891185857987104,Rendah
-6.956,107.70199999999991,gedebage,4530.0,0,2,0,13,9,0,22,16.311395535913057,Rendah
-6.956,107.70999999999991,gedebage,4530.0,2,1,0,0,0,0,0,15.26287301977289,Rendah
-6.948,107.55799999999999,bandung kulon,21397.0,1,0,0,0,0,0,0,19.427024521562288,Rendah
-6.948,107.56599999999999,bandung kulon,21397.0,0,0,0,0,1,0,1,17.078454870266345,Rendah
-6.948,107.58199999999998,bandung kulon,21397.0,2,1,0,0,0,0,0,19.781062940590168,Rendah
-6.948,107.58999999999997,babakan ciparay,19694.0,5,1,2,0,0,0,0,30.95812467131781,Rendah
-6.948,107.59799999999997,bojongloa kidul,14278.0,1,0,3,4,1,0,5,26.255897762825754,Rendah
-6.948,107.60599999999997,bojongloa kidul,14278.0,11,2,1,1,1,0,2,28.84167737782587,Rendah
-6.948,107.61399999999996,bandung kidul,10306.0,0,1,1,0,0,0,0,18.613916386749285,Rendah
-6.948,107.62199999999996,bandung kidul,10306.0,0,0,8,2,0,0,2,32.30872137209522,Rendah
-6.948,107.62999999999995,bandung kidul,10306.0,1,0,8,4,1,0,5,33.24089592548294,Rendah
-6.948,107.64599999999994,buahbatu,13472.0,1,1,3,0,0,0,0,24.238332218293202,Rendah
-6.948,107.65399999999994,rancasari,12071.0,2,0,1,0,0,0,0,16.444175142815038,Rendah
-6.948,107.66999999999993,rancasari,12071.0,3,0,0,0,0,0,0,12.299279303446255,Rendah
-6.948,107.67799999999993,gedebage,4530.0,3,0,0,0,0,0,0,10.03280953166864,Rendah
-6.948,107.68599999999992,gedebage,4530.0,0,0,0,0,0,1,0,10.728819237110283,Rendah
-6.948,107.70199999999991,gedebage,4530.0,1,4,1,0,1,0,1,24.940400105162187,Rendah
-6.948,107.70999999999991,gedebage,4530.0,0,2,1,0,1,0,1,18.18931783883496,Rendah
-6.948,107.7179999999999,gedebage,4530.0,0,0,0,0,0,0,0,7.293328919368166,Rendah
-6.94,107.55,bandung kulon,21397.0,0,0,0,0,0,0,0,11.1309085763251,Rendah
-6.94,107.55799999999999,bandung kulon,21397.0,0,0,0,0,0,0,0,16.807680595874572,Rendah
-6.94,107.56599999999999,bandung kulon,21397.0,2,0,0,0,0,0,0,19.0679128520453,Rendah
-6.94,107.57399999999998,bandung kulon,21397.0,2,0,0,0,0,0,0,26.27694855967808,Rendah
-6.94,107.58199999999998,bojongloa kaler,41501.0,5,1,0,0,0,1,0,37.479028216767745,Rendah
-6.94,107.58999999999997,bojongloa kaler,41501.0,8,2,2,0,0,0,0,50.960753138111954,Sedang
-6.94,107.59799999999997,astanaanyar,25563.0,1,1,3,1,0,0,1,35.49753135755094,Rendah
-6.94,107.60599999999997,astanaanyar,25563.0,8,3,0,3,0,0,3,33.89563255380808,Rendah
-6.94,107.61399999999996,regol,18941.0,2,4,2,2,0,0,2,41.751246221322845,Sedang
-6.94,107.62199999999996,regol,18941.0,4,2,7,16,6,0,22,53.57857687583811,Sedang
-6.94,107.63799999999995,batununggal,24339.0,2,1,2,1,0,0,1,29.193504302282452,Rendah
-6.94,107.64599999999994,batununggal,24339.0,10,1,4,0,0,0,0,51.73004959947497,Sedang
-6.94,107.65399999999994,rancasari,12071.0,3,0,2,0,0,0,0,18.500557922734274,Rendah
-6.94,107.66199999999994,rancasari,12071.0,3,1,1,3,0,0,3,24.66668239251192,Rendah
-6.94,107.66999999999993,rancasari,12071.0,0,1,0,2,0,0,2,22.077477988541048,Rendah
-6.94,107.68599999999992,gedebage,4530.0,0,0,0,0,1,1,1,7.717773477858352,Rendah
-6.94,107.69399999999992,gedebage,4530.0,0,2,0,0,0,0,0,13.815620761929589,Rendah
-6.94,107.70199999999991,gedebage,4530.0,0,3,3,0,0,0,0,27.006239704318073,Rendah
-6.94,107.70999999999991,panyileukan,8153.0,2,2,5,0,0,0,0,32.87745415124604,Rendah
-6.94,107.7179999999999,panyileukan,8153.0,0,0,4,0,0,0,0,25.735133368862535,Rendah
-6.932,107.55,bandung kulon,21397.0,0,0,0,0,0,1,0,15.700311081043907,Rendah
-6.932,107.55799999999999,bandung kulon,21397.0,0,1,0,0,0,0,0,21.30799951412777,Rendah
-6.932,107.56599999999999,bandung kulon,21397.0,0,1,0,0,0,0,0,17.128949519520816,Rendah
-6.932,107.58199999999998,bojongloa kaler,41501.0,1,2,0,0,0,0,0,32.7063512341024,Rendah
-6.932,107.58999999999997,bojongloa kaler,41501.0,7,1,0,0,1,0,1,36.989926562494084,Rendah
-6.932,107.59799999999997,astanaanyar,25563.0,6,3,0,0,0,0,0,36.642218318775676,Rendah
-6.932,107.61399999999996,regol,18941.0,3,5,2,9,4,0,13,45.405157581590174,Sedang
-6.932,107.62199999999996,lengkong,12174.0,5,4,5,7,3,0,10,55.184761596180614,Sedang
-6.932,107.62999999999995,batununggal,24339.0,0,2,3,1,1,0,2,31.999216962982985,Rendah
-6.932,107.63799999999995,batununggal,24339.0,2,0,1,1,3,0,4,25.175568242263587,Rendah
-6.932,107.64599999999994,kiaracondong,21619.0,4,1,1,0,0,0,0,28.790203938300827,Rendah
-6.932,107.65399999999994,kiaracondong,21619.0,1,0,2,0,0,0,0,28.35602417088749,Rendah
-6.932,107.66199999999994,antapani,21539.0,0,1,1,0,0,0,0,20.255258978476867,Rendah
-6.932,107.66999999999993,antapani,21539.0,0,0,0,0,0,0,0,13.004741271858283,Rendah
-6.932,107.67799999999993,antapani,21539.0,5,0,0,0,0,0,0,23.5319358079618,Rendah
-6.932,107.68599999999992,cinambo,7126.0,0,0,0,0,0,0,0,9.849842908588446,Rendah
-6.932,107.69399999999992,cinambo,7126.0,0,2,0,0,0,0,0,15.710367439926518,Rendah
-6.932,107.70199999999991,cinambo,7126.0,0,2,2,0,0,0,0,23.998233517379816,Rendah
-6.932,107.70999999999991,panyileukan,8153.0,0,0,5,0,0,0,0,27.489370279708975,Rendah
-6.932,107.7179999999999,panyileukan,8153.0,2,0,3,2,2,1,4,26.826205535927457,Rendah
-6.924,107.55,bandung kulon,21397.0,0,0,0,0,0,0,0,17.766439642118268,Rendah
-6.924,107.55799999999999,bandung kulon,21397.0,0,1,0,0,0,0,0,17.74416796814312,Rendah
-6.924,107.57399999999998,bojongloa kaler,41501.0,2,1,0,0,0,0,0,34.477609873846475,Rendah
-6.924,107.58999999999997,bojongloa kaler,41501.0,10,6,0,0,0,0,0,55.02577193701261,Sedang
-6.924,107.59799999999997,astanaanyar,25563.0,15,4,0,6,0,0,6,40.6776216559847,Rendah
-6.924,107.60599999999997,sumur bandung,11671.0,14,5,1,40,12,1,52,54.84514270011624,Sedang
-6.924,107.61399999999996,sumur bandung,11671.0,2,5,2,18,5,0,23,46.659675625911106,Sedang
-6.924,107.62199999999996,lengkong,12174.0,13,2,3,13,8,0,21,41.701286378278205,Sedang
-6.924,107.62999999999995,lengkong,12174.0,1,0,3,6,2,0,8,29.8534617210663,Rendah
-6.924,107.63799999999995,kiaracondong,21619.0,2,1,2,32,7,0,39,42.34889833636506,Sedang
-6.924,107.64599999999994,kiaracondong,21619.0,0,1,1,1,0,0,1,26.87673603553903,Rendah
-6.924,107.65399999999994,kiaracondong,21619.0,6,0,1,0,0,0,0,32.700934503517395,Rendah
-6.924,107.66199999999994,antapani,21539.0,0,0,0,0,1,0,1,16.1299467631025,Rendah
-6.924,107.66999999999993,antapani,21539.0,2,0,0,0,3,0,3,16.40490261803864,Rendah
-6.924,107.67799999999993,antapani,21539.0,1,0,0,0,1,0,1,15.19756782223454,Rendah
-6.924,107.68599999999992,cinambo,7126.0,0,0,0,0,0,0,0,6.511458033992573,Rendah
-6.924,107.70199999999991,cinambo,7126.0,0,0,0,0,1,0,1,9.88234481333882,Rendah
-6.924,107.70999999999991,panyileukan,8153.0,2,0,0,2,1,0,3,13.059516842434501,Rendah
-6.924,107.7179999999999,panyileukan,8153.0,6,0,1,0,0,0,0,22.010994191552516,Rendah
-6.916,107.55,bandung kulon,21397.0,0,0,0,0,0,0,0,16.926227897855945,Rendah
-6.916,107.55799999999999,andir,26760.0,0,0,0,0,0,0,0,24.227268898138618,Rendah
-6.916,107.57399999999998,andir,26760.0,3,0,1,0,0,1,0,37.02717416643552,Rendah
-6.916,107.58199999999998,andir,26760.0,6,4,1,0,0,0,0,43.74366870996168,Sedang
-6.916,107.58999999999997,andir,26760.0,8,5,0,4,4,1,8,43.49519399741782,Sedang
-6.916,107.59799999999997,cicendo,14180.0,10,6,0,20,6,0,26,42.06510028359443,Sedang
-6.916,107.60599999999997,sumur bandung,11671.0,3,3,4,33,32,1,65,52.93130613461845,Sedang
-6.916,107.62199999999996,bandung wetan,8628.0,1,1,0,4,6,0,10,16.935334815609608,Rendah
-6.916,107.63799999999995,cibeunying kidul,21862.0,1,2,3,4,2,0,6,37.32706881758494,Rendah
-6.916,107.64599999999994,kiaracondong,21619.0,0,2,4,2,1,0,3,37.170174401350344,Rendah
-6.916,107.65399999999994,antapani,21539.0,6,0,2,0,0,0,0,26.421569437053517,Rendah
-6.916,107.66199999999994,antapani,21539.0,2,0,0,3,0,1,3,20.826566254910052,Rendah
-6.916,107.67799999999993,arcamanik,14043.0,0,0,0,1,0,0,1,13.84394789905728,Rendah
-6.916,107.68599999999992,arcamanik,14043.0,0,0,0,0,1,0,1,8.964450330530703,Rendah
-6.916,107.69399999999992,cinambo,7126.0,1,1,0,0,0,0,0,13.478431666442438,Rendah
-6.916,107.70199999999991,cinambo,7126.0,0,1,0,1,1,1,2,15.414841028075397,Rendah
-6.916,107.70999999999991,panyileukan,8153.0,4,1,0,2,1,0,3,14.577872135841048,Rendah
-6.916,107.7179999999999,panyileukan,8153.0,4,0,0,0,0,0,0,13.990619762281028,Rendah
-6.908,107.55,andir,26760.0,0,0,0,0,0,0,0,20.041292822004667,Rendah
-6.908,107.55799999999999,andir,26760.0,0,0,0,0,0,0,0,16.4377557731748,Rendah
-6.908,107.56599999999999,andir,26760.0,0,0,0,0,0,0,0,20.940028747711516,Rendah
-6.908,107.57399999999998,andir,26760.0,1,0,8,0,0,0,0,42.54902024577137,Sedang
-6.908,107.58999999999997,andir,26760.0,2,4,4,4,1,0,5,54.528072822771385,Sedang
-6.908,107.59799999999997,cicendo,14180.0,11,2,9,31,9,0,40,55.74476967390652,Sedang
-6.908,107.60599999999997,cicendo,14180.0,4,0,10,12,8,0,20,38.06430265803241,Rendah
-6.908,107.61399999999996,bandung wetan,8628.0,6,1,10,46,15,0,61,50.338439134959316,Sedang
-6.908,107.62199999999996,bandung wetan,8628.0,14,2,4,26,14,0,40,52.33469118606996,Sedang
-6.908,107.62999999999995,cibeunying kidul,21862.0,9,1,0,17,5,0,22,36.9906986144737,Rendah
-6.908,107.63799999999995,cibeunying kidul,21862.0,0,2,3,0,0,0,0,46.70375002751972,Sedang
-6.908,107.64599999999994,cibeunying kidul,21862.0,5,2,3,1,0,0,1,42.258227087635056,Sedang
-6.908,107.65399999999994,antapani,21539.0,5,1,2,3,0,0,3,37.57280803165291,Rendah
-6.908,107.68599999999992,arcamanik,14043.0,1,0,0,0,0,0,0,16.07857432814647,Rendah
-6.908,107.70199999999991,ujungberung,14540.0,0,1,0,0,0,0,0,15.367321957557753,Rendah
-6.908,107.70999999999991,ujungberung,14540.0,0,0,0,0,0,0,0,11.621687134290466,Rendah
-6.908,107.7179999999999,cibiru,12370.0,0,0,0,0,0,0,0,12.117844640381191,Rendah
-6.9,107.55,sukasari,12484.0,0,0,0,0,0,0,0,18.879531255576083,Rendah
-6.9,107.55799999999999,sukasari,12484.0,0,0,0,0,0,0,0,6.333759977780312,Rendah
-6.9,107.56599999999999,andir,26760.0,2,0,0,0,0,0,0,23.92544723779021,Rendah
-6.9,107.57399999999998,andir,26760.0,0,0,3,0,0,0,0,27.02851905309771,Rendah
-6.9,107.58199999999998,andir,26760.0,2,0,8,1,0,0,1,40.850871069298364,Rendah
-6.9,107.58999999999997,cicendo,14180.0,3,1,6,5,1,3,6,50.04462956867988,Sedang
-6.9,107.59799999999997,cicendo,14180.0,4,1,7,18,3,0,21,46.970617835064175,Sedang
-6.9,107.61399999999996,bandung wetan,8628.0,4,4,16,39,16,0,55,53.64742220555343,Sedang
-6.9,107.62999999999995,cibeunying kaler,15926.0,7,2,8,3,0,0,3,45.85667788262637,Sedang
-6.9,107.63799999999995,cibeunying kaler,15926.0,6,0,13,8,0,0,8,43.6971535465237,Sedang
-6.9,107.64599999999994,cibeunying kaler,15926.0,5,0,9,4,1,0,5,40.48449329748922,Rendah
-6.9,107.65399999999994,mandalajati,11398.0,0,1,1,5,1,2,6,22.277421179404772,Rendah
-6.9,107.66199999999994,mandalajati,11398.0,0,1,0,0,0,0,0,20.764054490198202,Rendah
-6.9,107.66999999999993,mandalajati,11398.0,0,0,0,0,0,0,0,13.233979289176256,Rendah
-6.9,107.67799999999993,mandalajati,11398.0,0,0,0,0,0,0,0,5.256794462249401,Rendah
-6.9,107.69399999999992,arcamanik,14043.0,0,0,0,0,0,0,0,10.816307272361502,Rendah
-6.9,107.70199999999991,ujungberung,14540.0,0,0,0,0,0,0,0,15.63507778216645,Rendah
-6.9,107.70999999999991,ujungberung,14540.0,0,0,0,0,0,0,0,10.700215562479675,Rendah
-6.9,107.7179999999999,cibiru,12370.0,0,0,0,0,0,0,0,11.528012897821526,Rendah
-6.892,107.55,sukasari,12484.0,0,0,0,0,0,0,0,13.450517392496927,Rendah
-6.892,107.55799999999999,sukasari,12484.0,1,0,0,1,0,1,1,17.932821138065922,Rendah
-6.892,107.56599999999999,sukasari,12484.0,0,0,0,0,0,0,0,8.334666334388228,Rendah
-6.892,107.57399999999998,sukasari,12484.0,0,1,1,1,0,0,1,18.33205184803271,Rendah
-6.892,107.58999999999997,sukajadi,24216.0,3,0,1,8,2,2,10,30.493345635612197,Rendah
-6.892,107.59799999999997,sukajadi,24216.0,1,1,2,33,13,0,46,46.14969605417663,Sedang
-6.892,107.60599999999997,sukajadi,24216.0,9,1,7,38,14,1,52,63.66827846621621,Sedang
-6.892,107.62199999999996,coblong,15901.0,7,4,8,5,1,2,6,61.48747473005323,Sedang
-6.892,107.62999999999995,cibeunying kaler,15926.0,9,2,6,1,0,0,1,55.61424636881568,Sedang
-6.892,107.63799999999995,cibeunying kaler,15926.0,4,0,11,1,3,0,4,41.04517355943121,Sedang
-6.892,107.64599999999994,cibeunying kaler,15926.0,2,0,4,0,0,0,0,27.28966787991574,Rendah
-6.892,107.65399999999994,cibeunying kaler,15926.0,0,0,0,0,0,0,0,12.395075559179025,Rendah
-6.892,107.66199999999994,mandalajati,11398.0,0,0,0,0,0,0,0,15.132955669782092,Rendah
-6.892,107.66999999999993,mandalajati,11398.0,0,0,0,0,0,0,0,9.20921382536588,Rendah
-6.892,107.67799999999993,mandalajati,11398.0,0,0,0,0,0,0,0,12.663680506660908,Rendah
-6.892,107.68599999999992,arcamanik,14043.0,0,0,0,0,0,0,0,15.125568826954677,Rendah
-6.892,107.69399999999992,arcamanik,14043.0,0,0,0,0,0,0,0,10.020875251932416,Rendah
-6.892,107.70199999999991,ujungberung,14540.0,0,0,0,0,0,0,0,12.899201709592377,Rendah
-6.892,107.70999999999991,ujungberung,14540.0,0,0,0,0,0,0,0,3.3539757575705593,Rendah
-6.892,107.7179999999999,cibiru,12370.0,0,0,0,0,0,0,0,8.799059298219355,Rendah
-6.884,107.55,sukasari,12484.0,0,0,0,0,0,0,0,11.177851101376076,Rendah
-6.884,107.55799999999999,sukasari,12484.0,0,0,0,0,0,0,0,8.192206009661007,Rendah
-6.884,107.56599999999999,sukasari,12484.0,0,1,0,0,0,0,0,19.832789467350466,Rendah
-6.884,107.57399999999998,sukasari,12484.0,3,1,1,4,0,0,4,19.24513142167366,Rendah
-6.884,107.58199999999998,sukasari,12484.0,3,1,1,12,6,0,18,24.815422095464605,Rendah
-6.884,107.58999999999997,sukasari,12484.0,1,0,0,0,1,0,1,13.22777728741383,Rendah
-6.884,107.59799999999997,sukajadi,24216.0,2,1,0,21,2,0,23,35.97715320053168,Rendah
-6.884,107.60599999999997,sukajadi,24216.0,3,2,5,4,0,0,4,44.745746879795014,Sedang
-6.884,107.61399999999996,coblong,15901.0,7,2,7,39,24,3,63,66.32338014535378,Sedang
-6.884,107.62199999999996,coblong,15901.0,6,3,7,2,4,0,6,49.26458807194764,Sedang
-6.884,107.62999999999995,cibeunying kaler,15926.0,0,0,1,1,1,0,2,15.203251824633927,Rendah
-6.884,107.63799999999995,cibeunying kaler,15926.0,0,0,0,0,0,0,0,15.23408820056759,Rendah
-6.884,107.65399999999994,cibeunying kaler,15926.0,0,0,0,0,0,0,0,12.047127146301396,Rendah
-6.884,107.66199999999994,mandalajati,11398.0,0,0,0,0,0,0,0,11.54162847719228,Rendah
-6.884,107.66999999999993,mandalajati,11398.0,0,0,0,0,0,0,0,10.176281431636943,Rendah
-6.884,107.67799999999993,mandalajati,11398.0,0,0,0,0,0,0,0,11.672774257975966,Rendah
-6.884,107.68599999999992,arcamanik,14043.0,0,0,0,0,0,0,0,14.788058690229805,Rendah
-6.884,107.70199999999991,ujungberung,14540.0,0,0,0,0,0,0,0,9.36433128129723,Rendah
-6.884,107.7179999999999,cibiru,12370.0,0,0,0,0,0,0,0,6.015958823654718,Rendah
-6.876,107.55,sukasari,12484.0,0,0,0,0,0,0,0,11.480200270448806,Rendah
-6.876,107.55799999999999,sukasari,12484.0,0,0,0,0,0,0,0,13.700507175009285,Rendah
-6.876,107.56599999999999,sukasari,12484.0,0,0,0,0,0,0,0,12.778531158760654,Rendah
-6.876,107.57399999999998,sukasari,12484.0,2,2,1,1,0,0,1,22.467456996093773,Rendah
-6.876,107.58199999999998,sukasari,12484.0,2,1,2,2,0,0,2,25.11118880448373,Rendah
-6.876,107.58999999999997,cidadap,9108.0,2,0,3,2,0,0,2,23.3809971960235,Rendah
-6.876,107.59799999999997,cidadap,9108.0,3,0,4,11,0,0,11,31.69190572916738,Rendah
-6.876,107.61399999999996,coblong,15901.0,6,2,6,24,6,0,30,55.904935346784036,Sedang
-6.876,107.62199999999996,coblong,15901.0,2,0,6,15,12,0,27,38.555160103106935,Rendah
-6.876,107.62999999999995,coblong,15901.0,0,0,0,1,0,0,1,16.93268851518864,Rendah
-6.876,107.63799999999995,cibeunying kaler,15926.0,0,0,0,0,0,0,0,14.769676340407607,Rendah
-6.876,107.64599999999994,cibeunying kaler,15926.0,0,0,0,0,0,0,0,16.286364134294658,Rendah
-6.876,107.66199999999994,mandalajati,11398.0,0,0,0,0,0,0,0,8.845237189456006,Rendah
-6.876,107.66999999999993,mandalajati,11398.0,0,0,0,0,0,0,0,9.651679101631315,Rendah
-6.876,107.67799999999993,mandalajati,11398.0,0,0,0,0,0,0,0,13.574103037592009,Rendah
-6.876,107.68599999999992,arcamanik,14043.0,0,0,0,0,0,0,0,14.632777462967061,Rendah
-6.876,107.69399999999992,arcamanik,14043.0,0,0,0,0,0,0,0,12.738961884774222,Rendah
-6.876,107.7179999999999,cibiru,12370.0,0,0,0,0,0,0,0,10.097508055714734,Rendah
-6.868,107.55,sukasari,12484.0,0,0,0,0,0,0,0,13.57684769906567,Rendah
-6.868,107.55799999999999,sukasari,12484.0,0,0,0,0,0,0,0,11.328977598253873,Rendah
-6.868,107.56599999999999,sukasari,12484.0,0,0,0,0,0,0,0,11.282511945873896,Rendah
-6.868,107.57399999999998,sukasari,12484.0,0,1,1,0,0,0,0,22.231886111517127,Rendah
-6.868,107.58999999999997,cidadap,9108.0,2,0,5,10,1,0,11,38.40052890800192,Rendah
-6.868,107.59799999999997,cidadap,9108.0,0,0,3,6,1,0,7,28.276436421462986,Rendah
-6.868,107.61399999999996,cidadap,9108.0,1,0,3,1,0,0,1,25.505858913884897,Rendah
-6.868,107.62199999999996,coblong,15901.0,1,0,3,10,5,1,15,31.403088619108527,Rendah
-6.868,107.63799999999995,cibeunying kaler,15926.0,0,0,0,0,0,0,0,13.457348614674725,Rendah
-6.868,107.64599999999994,cibeunying kaler,15926.0,0,0,0,0,0,0,0,14.138765672755934,Rendah
-6.868,107.65399999999994,cibeunying kaler,15926.0,0,0,0,0,0,0,0,15.633248854088519,Rendah
-6.868,107.66199999999994,mandalajati,11398.0,0,0,0,0,0,0,0,8.877560172521806,Rendah
-6.868,107.66999999999993,mandalajati,11398.0,0,0,0,0,0,0,0,17.609384049278603,Rendah
-6.868,107.67799999999993,mandalajati,11398.0,0,0,0,0,0,0,0,8.314170077723116,Rendah
-6.868,107.68599999999992,mandalajati,11398.0,0,0,0,0,0,0,0,7.689656383859026,Rendah
-6.868,107.69399999999992,ujungberung,14540.0,0,0,0,0,0,0,0,16.552110398277982,Rendah
-6.868,107.70199999999991,ujungberung,14540.0,0,0,0,0,0,0,0,15.452765859666584,Rendah
-6.868,107.70999999999991,ujungberung,14540.0,0,0,0,0,0,0,0,14.950137228934242,Rendah
-6.868,107.7179999999999,cibiru,12370.0,0,0,0,0,0,0,0,13.757258750015064,Rendah
-6.86,107.55,sukasari,12484.0,0,0,0,0,0,0,0,11.898815237014812,Rendah
-6.86,107.55799999999999,sukasari,12484.0,0,0,0,0,0,0,0,9.243792441098062,Rendah
-6.86,107.56599999999999,sukasari,12484.0,0,0,0,0,0,0,0,12.162969230136735,Rendah
-6.86,107.57399999999998,cidadap,9108.0,0,0,0,0,0,0,0,8.028514865463663,Rendah
-6.86,107.58199999999998,cidadap,9108.0,2,0,0,0,2,0,2,14.785359200253254,Rendah
-6.86,107.59799999999997,cidadap,9108.0,0,0,2,4,3,2,7,20.88350840962247,Rendah
-6.86,107.60599999999997,cidadap,9108.0,0,0,0,0,0,0,0,9.09584247504102,Rendah
-6.86,107.61399999999996,cidadap,9108.0,0,0,0,0,0,0,0,11.298794362826872,Rendah
-6.86,107.62999999999995,coblong,15901.0,0,0,0,0,0,0,0,11.367227702189595,Rendah
-6.86,107.63799999999995,cibeunying kaler,15926.0,0,0,0,0,0,0,0,14.578839412253515,Rendah
-6.86,107.64599999999994,cibeunying kaler,15926.0,0,0,0,0,0,0,0,14.582677491103947,Rendah
-6.86,107.65399999999994,cibeunying kaler,15926.0,0,0,0,0,0,0,0,12.32694825166439,Rendah
-6.86,107.66199999999994,mandalajati,11398.0,0,0,0,0,0,0,0,9.919107305367254,Rendah
-6.86,107.66999999999993,mandalajati,11398.0,0,0,0,0,0,0,0,12.028372034295131,Rendah
-6.86,107.68599999999992,mandalajati,11398.0,0,0,0,0,0,0,0,7.109830899092557,Rendah
-6.86,107.69399999999992,ujungberung,14540.0,0,0,0,0,0,0,0,10.92244511402047,Rendah
-6.86,107.70199999999991,ujungberung,14540.0,0,0,0,0,0,0,0,12.437436322642236,Rendah
