lat,lon,kategori
-6.9050969,107.5973817,kampus
-6.8722885,107.5745998,kampus
-6.9116663,107.6108713,kampus
-6.8848176,107.6213465,kampus
-6.5872104,106.8062782,kampus
-6.8775493,107.6202785,kampus
-6.5851739,106.8451546,kampus
-6.5896786,106.8388525,kampus
-6.9028424,107.7633897,kampus
-6.8324964,108.2150377,kampus
-6.2699137,106.7323691,kampus
-6.1789536,106.8773059,kampus
-6.3575291,106.8328596,kampus
-6.2063138,107.0153607,kampus
-6.2738302,107.0200002,kampus
-6.1791793,106.8784888,kampus
-6.3001358,106.6390609,kampus
-6.3251451,106.7441643,kampus
-6.3109409,106.7548195,kampus
-6.3111092,106.750952,kampus
-6.3450023,106.7572008,kampus
-6.2631335,106.7150193,kampus
-6.2893425,107.2922306,kampus
-6.8988185,107.6395281,kampus
-6.9271072,107.6259866,kampus
-6.8987637,107.6107894,kampus
-6.9112541,107.5782431,kampus
-6.8965816,107.6342973,kampus
-6.8947444,107.6346164,kampus
-6.8962936,107.6435144,kampus
-6.8978831,107.6357174,kampus
-6.9738356,107.6304442,kampus
-6.8695941,107.5937635,kampus
-6.9065089,107.6045553,kampus
-6.9055946,107.5814027,kampus
-6.8983266,107.637906,kampus
-7.6872621,108.6531455,kampus
-6.7377011,108.555208,kampus
-6.7613379,108.530123,kampus
-6.3703886,106.7947761,kampus
-6.3034203,106.6528889,kampus
-6.225571,106.8767965,kampus
-6.2085461,106.8630019,kampus
-6.2050705,106.8170887,kampus
-6.2099066,106.8196221,kampus
-6.2098973,106.8198514,kampus
-6.1855981,106.7975083,kampus
-6.1991362,106.8922699,kampus
-6.2597263,106.8638452,kampus
-6.15319,106.7034164,kampus
-6.2246069,106.9398075,kampus
-6.1293482,106.6954237,kampus
-6.2255897,106.9465151,kampus
-6.1461659,106.8292868,kampus
-6.1620192,106.8423493,kampus
-6.1775616,106.7916374,kampus
-6.2414803,106.8053068,kampus
-6.2750756,106.8855777,kampus
-6.1260657,106.8842831,kampus
-6.1393174,106.7332506,kampus
-6.1170574,106.8836904,kampus
-6.1213831,106.8912933,kampus
-6.1386286,106.9151902,kampus
-6.3123197,106.7549704,kampus
-6.209495,106.818654,kampus
-6.1327679,106.9005251,kampus
-6.1718076,106.633471,kampus
-6.1684105,106.6272209,kampus
-6.1968671,106.850223,kampus
-6.1974253,106.8482063,kampus
-6.1979618,106.8516355,kampus
-6.566043,106.8024345,kampus
-6.5761955,106.8073266,kampus
-6.586659,106.8063044,kampus
-6.1934721,106.8523262,kampus
-6.1953437,106.8508602,kampus
-6.1700658,106.8196916,kampus
-6.1686055,106.8208309,kampus
-6.165103,106.8137142,kampus
-6.1960899,106.6230567,kampus
-6.2188584,106.6183523,kampus
-6.2119269,106.6191999,kampus
-6.207359,106.6187494,kampus
-6.1850939,106.6124129,kampus
-6.1861255,106.6102545,kampus
-6.1854559,106.6102379,kampus
-6.1643902,106.7898282,kampus
-7.1235681,108.2137489,kampus
-6.2600047,106.4685225,kampus
-6.4864049,106.8586575,kampus
-6.9057383,107.6199014,kampus
-6.1672505,106.7937379,kampus
-6.5395426,107.4444492,kampus
-6.5463693,107.4424776,kampus
-6.1715937,106.6362199,kampus
-6.1961206,106.6230419,kampus
-6.1861753,106.6102768,kampus
-6.2231786,106.8668375,kampus
-6.207347,106.6185898,kampus
-6.1961247,106.6229588,kampus
-6.9830497,108.3130287,kampus
-6.9227903,106.9374606,kampus
-6.921589,106.9454513,kampus
-6.9173691,106.9102897,kampus
-6.60616,106.7995498,kampus
-6.5762145,106.8073215,kampus
-6.580369,106.7664505,kampus
-6.5821698,106.7789367,kampus
-6.9215403,106.935794,kampus
-6.9116739,106.9247539,kampus
-6.7095029,108.5312858,kampus
-6.417114,108.0803571,kampus
-6.1903806,106.841702,kampus
-6.302458,106.6518719,kampus
-6.2448312,106.6246663,kampus
-6.1924843,106.630898,kampus
-6.7418172,108.5346297,kampus
-6.8979318,107.6448221,kampus
-6.935951,107.7100708,kampus
-6.8931521,107.6192969,kampus
-6.9010231,107.6523622,kampus
-7.1238949,108.2139246,kampus
-6.721879,108.5378713,kampus
-7.3489875,108.2227707,kampus
-6.2485855,106.8437139,kampus
-6.2382146,106.7703622,kampus
-6.2314595,106.8668213,kampus
-6.2599928,106.9989462,kampus
-6.6591758,106.891664,kampus
-6.6002451,106.8064598,kampus
-6.2304292,106.8236985,kampus
-7.2070582,107.8960117,kampus
-6.3737397,106.8632428,kampus
-6.5922497,106.7532599,kampus
-6.590316,106.7855128,kampus
-6.656165,106.8750375,kampus
-6.9429091,107.6275856,kampus
-6.9430887,107.6275522,kampus
-6.9433139,107.6273601,kampus
-6.3357757,107.155296,kampus
-6.9719375,107.6455625,kampus
-6.7340296,108.5372565,kampus
-6.3310208,107.3360022,kampus
-6.1682438,106.7263723,kampus
-6.184544,106.6171772,kampus
-6.1719399,106.645759,kampus
-6.1814782,106.7957367,kampus
-6.1812956,106.796135,kampus
-7.2195159,107.758596,kampus
-7.2184039,107.758294,kampus
-7.2184893,107.7587406,kampus
-7.2170285,107.7594464,kampus
-7.2153858,107.758595,kampus
-7.2147688,107.7582365,kampus
-6.898043905544775,107.5889919487168,kampus
-6.370499344948179,106.82361713938049,kampus
-6.312554903723421,106.83894106779582,kampus
-6.134490792112848,106.73807995976374,kampus
-7.3500579586266275,108.12687585273108,kampus
-6.22565967615646,106.87646550657293,kampus
-6.294542888289439,107.06905982519339,kampus
-6.308920006875207,106.75739516617753,kampus
-6.604656305513059,106.78789140028583,kampus
-6.73545910674612,108.532232876641,kampus
-6.371818876728672,106.82431754113396,kampus
-6.522602679633963,106.87840949303917,kampus
-6.526569168327521,106.88105971300001,kampus
-6.3698868499999985,106.82296944999999,kampus
-6.370863101564737,106.82461725902644,kampus
-6.370470948996267,106.82302004542409,kampus
-6.371371315404544,106.82356804944749,kampus
-6.37286691020052,106.82550988841247,kampus
-6.372106355421661,106.82359124964556,kampus
-6.370933722616417,106.82351137414913,kampus
-6.37175047190973,106.82357600234971,kampus
-6.371823725847023,106.82570233721268,kampus
-6.353731150128198,106.86108518419617,kampus
-6.894468205007645,107.60935109399117,kampus
-6.257783654710646,106.86311078349021,kampus
-6.356851531967122,106.83344320774434,kampus
-6.908912913673407,107.61030915054097,kampus
-6.169709101714119,106.86977585363378,kampus
-6.287696555002123,106.87475611465331,kampus
-6.314519644765478,106.86230303714473,kampus
-6.2440133009819005,106.89763632740538,kampus
-6.341231868074778,106.8631423484043,kampus
-6.253560103308618,106.86473863777512,kampus
-6.199368083511155,106.8531985965832,kampus
-6.200556549999998,106.85561844999998,kampus
-6.192805515869182,106.84915056511251,kampus
-6.24092016213504,106.8769865462022,kampus
-6.199977096064776,106.80735322742296,kampus
-6.240430920856379,106.81755633424919,kampus
-6.218130749999999,106.81594085,kampus
-6.257428317447239,106.85488042532658,kampus
-6.59965266612927,106.81157741722649,kampus
-6.600954019734613,106.80677719014996,kampus
-6.580984180620133,106.7912535283282,kampus
-6.371400121068889,106.82297149251681,kampus
-6.371100439627328,106.82275875351863,kampus
-6.372483549999999,106.82491734999998,kampus
-6.3725200531103185,106.8239539561849,kampus
-6.372437480753109,106.82359749152226,kampus
-6.372355263445529,106.82420258890838,kampus
-6.8690433220756155,107.59455813543379,kampus
-6.8663589117207104,107.59266164771145,kampus
-6.8732998300414065,107.57597925408827,kampus
-6.886364401015076,107.5805995027012,kampus
-6.872099484408003,107.58873057317636,kampus
-6.191881842346689,106.88800395861615,kampus
-6.892242517741447,107.60457202294478,kampus
-6.871471310034994,107.57297918051097,kampus
-6.92023066215411,107.63473580287346,kampus
-6.1029676700650235,106.95782949724631,kampus
-6.168202077228943,106.88585698113529,kampus
-6.173408224566008,106.85373046078575,kampus
-6.1829051357943765,106.84902526855515,kampus
-6.179865206523911,106.84200647745268,kampus
-6.176959481938258,106.85829855006955,kampus
-6.2123901449399925,106.8087056120898,kampus
-6.311150909359186,106.8916774072958,kampus
-6.208958631123813,106.8588690255235,kampus
-6.3442176584963414,106.88514036886474,kampus
-6.229627660702902,106.92417834701541,kampus
-6.235024162555428,106.92985887791072,kampus
-6.182992470462517,106.88723814253834,kampus
-6.174702710094345,106.88247952095426,kampus
-6.190176429022818,106.95240911221268,kampus
-6.262654389630686,106.88813035164279,kampus
-6.20650385,106.89214070000001,kampus
-6.20496531680441,106.88612577209692,kampus
-6.367225440817675,106.8921579607292,kampus
-6.209830486573579,106.73900922856186,kampus
-6.174862156215159,106.72297051678368,kampus
-6.173303675657199,106.7974001860161,kampus
-6.134465564857693,106.73336046803801,kampus
-6.185246438122893,106.78009088555541,kampus
-6.185702015269462,106.77890696019328,kampus
-6.1693161,106.7605333,kampus
-6.227026268662909,106.81322181639524,kampus
-6.248334843528118,106.85967313418368,kampus
-6.2526027,106.7983491,kampus
-6.2142009144012285,106.84316284782625,kampus
-6.224196312193011,106.85993872108797,kampus
-6.2059401278268,106.83345843891901,kampus
-6.205702975387148,106.83354208823123,kampus
-6.223484871410612,106.86233880316057,kampus
-6.280432468171867,106.82776676430642,kampus
-6.300746150203933,106.81827965077129,kampus
-6.2376692415490105,106.84784220433939,kampus
-6.284403763169974,106.81727122759183,kampus
-6.302686435073665,106.82178777301134,kampus
-6.253165865377095,106.84909426631428,kampus
-6.2866209,106.84347475000003,kampus
-6.2812738476289915,106.83934019767848,kampus
-6.2812738476289915,106.83934019767848,kampus
-6.194521841938763,106.8783868120027,kampus
-6.294747030014423,106.83558671369087,kampus
-6.5988354753585226,106.80970027931208,kampus
-6.606452304755935,106.79917283292839,kampus
-6.5932951,106.78984679999999,kampus
-6.564836625451118,106.85568029890702,kampus
-6.344504298647639,106.73705451799175,kampus
-6.2855246000000005,106.79612554999999,kampus
-6.739084557013333,106.81935535756219,kampus
-6.257605529299545,106.61828022971825,kampus
-6.583611974406512,106.7882636856314,kampus
-6.520682377233482,106.75990536628488,kampus
-6.903155172196007,107.62084806875566,kampus
-6.346309879134862,106.75106514202182,kampus
-6.890428615306395,107.61030580726123,kampus
-7.190294938936854,107.90393195496156,kampus
-6.905110782364596,107.5972148776301,kampus
-6.3727081686192735,106.82611829522419,kampus
-6.9732300080585805,107.63257915381747,kampus
-6.888174414260533,107.52611139453079,kampus
-7.198796216333919,107.88695595298803,kampus
-6.285087698008149,106.82675687527183,kampus
-6.257814446358995,107.0063633113764,kampus
-6.228877722918359,106.79674672278513,kampus
-6.29743792758826,106.79600952277445,kampus
-6.240751888966798,106.65760832916865,kampus
-6.873451940258197,107.5621286054042,kampus
-6.277356721677424,106.82932969515272,kampus
-6.330814882261503,108.31694854864,kampus
-6.7467942999999995,106.836599,kampus
-6.186983960775554,106.62666167945902,kampus
-6.340980957268672,106.8357538388224,kampus
-6.1191986825971565,106.79658492273057,kampus
-6.340688275995058,106.75885753818726,kampus
-6.322996869896826,107.3063605387053,kampus
-6.496873377076746,106.8396814200428,kampus
-6.931159427573357,107.71778569477874,kampus
-6.91914203270744,106.93416290596251,kampus
-6.362896936883556,106.74442058323818,kampus
-6.88701570642361,107.61547321261331,kampus
-6.888923924146159,107.61603729854968,kampus
-6.894815245532149,107.61792782518945,kampus
-6.354261475091192,106.77527613049878,kampus
-6.606630615059677,106.7996995037849,kampus
-6.915150718030571,107.63831043502479,kampus
-6.258682906997831,106.79234279334769,kampus
-6.249006581158917,106.86651985323859,kampus
-6.168283707877712,106.72643035490096,kampus
-6.311711103477019,106.78831193210678,kampus
-6.8980142027478015,107.63790944546741,kampus
-6.145328858698684,106.86959152815889,kampus
-6.229048518903722,106.61178143500698,kampus
-6.273218572676913,106.71070171043576,kampus
-6.260707114994442,106.61823791942773,kampus
-6.193795342541146,106.85175133461641,kampus
-6.903326400000001,107.60873735,kampus
-6.882870149999999,107.56668935000002,kampus
-6.315836157551729,106.79426785665824,kampus
-6.304537574703844,106.68730813006704,kampus
-6.361317267299701,106.82737849291999,kampus
-6.36857288225365,106.83308709269406,kampus
-6.353938248176216,106.84150538482143,kampus
-6.354349263881151,106.84357936692706,kampus
-6.352810974948178,106.83744078509426,kampus
-6.524647065579628,106.88143838455053,kampus
-6.326589660297934,106.90063766593534,kampus
-6.903434390904965,107.60785269169983,kampus
-6.801838504413855,107.57941873420057,kampus
-6.352872014623447,106.83268481432793,kampus
-6.900993675167755,107.59895351073985,kampus
-6.2373500090100125,106.87644497799158,kampus
-6.576954756665523,107.78342816806108,kampus
-6.564976204710146,107.7664372950413,kampus
-6.218726461590838,106.87698051566261,kampus
-6.274487340490171,106.65658675866732,kampus
-6.206227599999999,106.6489112,kampus
-6.222132769601694,106.56056290305534,kampus
-6.259742859951237,106.64381575298968,kampus
-6.2167531,106.87054460000003,kampus
-6.170099997490252,106.8725825680411,kampus
-6.234112569397515,106.8679173932147,kampus
-6.223261629401941,106.86574884176142,kampus
-6.273442267224907,106.83063848746413,kampus
-6.22320683673922,106.86687021498334,kampus
-6.202933977769181,106.85105186730651,kampus
-6.210667939188113,106.86202060156566,kampus
-6.242565701894142,106.81306051485208,kampus
-6.20140650274993,106.87255219786104,kampus
-6.174534738766468,106.85679043998498,kampus
-6.1918893222157285,106.86107120298371,kampus
-6.18696807395415,106.8761293950972,kampus
-6.254504549999999,106.86236224999999,kampus
-6.235846594135496,106.82940467714279,kampus
-6.200143610863032,106.85354998681622,kampus
-6.218678871166071,106.81526228398884,kampus
-6.2250585080657075,106.86894972922617,kampus
-6.252168596719502,106.86433784191902,kampus
-6.2444230928933795,106.84048379537165,kampus
-6.2020857358177635,106.85733903088672,kampus
-6.186220261000065,106.86870539748725,kampus
-6.197295988791036,106.84373409188252,kampus
-6.2471824968588185,106.81762185301044,kampus
-6.2314747324492155,106.86666299461216,kampus
-6.1971292316515285,106.8700350299877,kampus
-6.220508460574764,106.83317583534152,kampus
-6.200264973226733,106.86028387649777,kampus
-6.2763942732610465,106.855842784115,kampus
-6.207045501573028,106.87341165339468,kampus
-6.241245090557286,106.8329545041109,kampus
-6.261611468104223,106.86375943486176,kampus
-6.248985525714261,106.87242416267051,kampus
-6.239453607366749,106.81773706931462,kampus
-6.255583109716027,106.82593285583684,kampus
-6.260170072596783,106.82812544387873,kampus
-6.17042659646962,106.86794264734874,kampus
-6.259847317984057,106.9945978299706,kampus
-6.246783274960388,106.8264709364721,kampus
-6.190601045705219,106.84695875391047,kampus
-6.261929768570901,106.83020871441211,kampus
-6.1735709675695665,106.88901463997531,kampus
-6.201025965340704,106.84507660507911,kampus
-6.198653189457495,106.84242900106945,kampus
-6.200820009916236,106.84647361704685,kampus
-6.239056702622406,106.81471052516456,kampus
-6.283434968541262,106.87104939954419,kampus
-6.199256004715595,106.84254517179915,kampus
-6.196410781274951,106.84917931441315,kampus
-6.19567735,106.85153935000001,kampus
-6.19344266606178,106.85016295143566,kampus
-6.272991044772229,106.83019382584108,kampus
-6.183135066484776,106.84254291304848,kampus
-6.194413513298863,106.84765721639207,kampus
-6.1881068267213495,106.84089682865452,kampus
-6.179948549999999,106.8418257,kampus
-6.195262500000001,106.86907859999998,kampus
-6.179324499154442,106.84281988457415,kampus
-6.197223479310024,106.86899386054093,kampus
-6.195552137564696,106.87174689355525,kampus
-6.261483950786422,106.8169618228407,kampus
-6.182821137121733,106.84140931953233,kampus
-6.19283799586069,106.8532090314495,kampus
-6.179505750000001,106.88021349999998,kampus
-6.170642053889329,106.80871497831792,kampus
-6.173647747038389,106.80731146730483,kampus
-6.19065908265806,106.81548474456874,kampus
-6.149511457796358,106.80684607589276,kampus
-6.172792475790336,106.87210535226774,kampus
-6.184997360835435,106.84511417189636,kampus
-6.211362031603925,106.80885251242823,kampus
-6.198524175617441,106.7954452262011,kampus
-6.184366821340595,106.73244948133987,kampus
-6.1818745057326865,106.84324832369003,kampus
-6.57390269861496,106.77055829199246,kampus
-6.194353991613728,106.74854488812161,kampus
-6.214809331419151,106.84473762752005,kampus
-6.137099219743467,106.81088245302443,kampus
-6.228932118839103,106.79611521168488,kampus
-6.19486795,106.8834303,kampus
-6.3030971631131765,106.87169040307344,kampus
-6.190563189405664,106.88272724055915,kampus
-6.191211722601523,106.88397984338738,kampus
-6.176503689084515,106.81955870033845,kampus
-6.196104050744697,106.80649785220454,kampus
-6.192452062681544,106.88036438139557,kampus
-6.191820250000002,106.87800595,kampus
-6.194981946199961,106.95484429343242,kampus
-6.208238,106.79053365000001,kampus
-6.24168312556778,106.80113089403336,kampus
-6.112206841775173,106.88151910973592,kampus
-6.112202849999999,106.88174295,kampus
-6.2529042499999985,106.77414895000001,kampus
-6.1921938782373305,106.88680935390492,kampus
-6.371432024361768,106.8254106714715,kampus
-6.219939407478956,106.92884381713517,kampus
-6.330532420718861,106.82684720196016,kampus
-6.354318394586517,106.81304081922698,kampus
-6.346999438785109,106.82728887861626,kampus
-6.333461012445702,106.83299095888053,kampus
-6.334232083268192,106.83322014875489,kampus
-6.339243745285295,106.83308810611211,kampus
-6.311814181073515,106.79504074492239,kampus
-6.186820175615891,106.87628041819652,kampus
-6.173710422694094,106.88798834269353,kampus
-6.221232175189296,106.77826175704472,kampus
-6.335947800000001,106.88717590000002,kampus
-6.328203528232515,106.88052386998945,kampus
-6.271714182809726,106.79985271634155,kampus
-6.255435000000001,106.90890865000001,kampus
-6.249070385353618,106.90785771686264,kampus
-6.314033598221504,106.79948663301721,kampus
-6.306075684545205,106.81335276757538,kampus
-6.346993089198634,106.88379934913671,kampus
-6.293651714154067,106.77160833665083,kampus
-6.291184872138752,106.77173053120062,kampus
-6.29431455,106.77784539999999,kampus
-6.284656382886166,106.8361741211143,kampus
-6.301991356635177,106.84985294202497,kampus
-6.302314065706719,106.840729635159,kampus
-6.303591911661927,106.85124899293886,kampus
-6.303170562210393,106.85047289347877,kampus
-6.305791123289554,106.7774163086689,kampus
-6.3295793455708695,106.8540335782436,kampus
-6.2915750568888065,106.90229776918218,kampus
-6.191635292780338,106.87784629754783,kampus
-6.179632401961471,106.87744213026048,kampus
-6.164576749999999,106.77522274999998,kampus
-6.221459084819329,106.93998204013135,kampus
-6.338991099653348,106.80408078628582,kampus
-6.216003449346061,106.9208760112054,kampus
-6.223145221237558,106.90368137715242,kampus
-6.2148678045016865,106.90874738351452,kampus
-6.201032012897458,106.76419929756352,kampus
-6.2923155,106.82202230000001,kampus
-6.289812095212327,106.84393692894987,kampus
-6.302391065873176,106.79939208710739,kampus
-6.806016855936755,107.14173709576963,kampus
-6.186542663751199,106.7601212816827,kampus
-6.974883572239219,108.50038006983546,kampus
-6.23740881015116,106.90785777228503,kampus
-6.2268829732579185,106.89998797608968,kampus
-6.316282319814683,106.90103980669753,kampus
-6.2019916575846175,106.7810694988382,kampus
-6.359817797710654,106.88368342208268,kampus
-6.293306702238761,106.81714669961642,kampus
-6.277336322987475,106.82504034443666,kampus
-6.298425466435801,106.82062028584527,kampus
-6.345341950000001,106.8829988,kampus
-6.238279568358753,106.89522721207572,kampus
-6.3139449,106.87458354999998,kampus
-6.312735236782777,106.86962691550681,kampus
-6.301371749999999,106.79921159999999,kampus
-6.305317762645963,106.86631064556666,kampus
-7.003154331055112,108.44637722287331,kampus
-6.304093340341897,106.8127140523999,kampus
-6.303900186527713,106.86836945526841,kampus
-6.182113554546781,106.76574457135762,kampus
-6.2498527715559025,106.92945177467354,kampus
-6.350233186763143,106.80977209869201,kampus
-6.334176265846728,106.83785867539132,kampus
-6.315682806083468,106.86256671977993,kampus
-6.27939556579164,106.7710194717539,kampus
-6.388267908621603,106.86234033729859,kampus
-6.319053436650309,106.9001546661538,kampus
-6.90015129936428,107.59474356591105,kampus
-6.901084675172502,107.59802434332994,kampus
-6.291458913355152,106.78912888857579,kampus
-6.297775996313995,106.79376588966848,kampus
-6.242263999999999,106.78803965,kampus
-6.905498456786007,107.61982564122422,kampus
-6.232515350000001,106.92237495000002,kampus
-6.249976399213578,106.92139274720404,kampus
-6.170046984626104,106.73428879166464,kampus
-6.3068817108547846,106.87352404907622,kampus
-6.295198179896166,106.86195135953443,kampus
-6.031445350303758,106.56637924533007,kampus
-6.289423900188681,106.81242527376638,kampus
-6.322869467550032,106.8338810874421,kampus
-6.1621065243298005,106.73760628211227,kampus
-6.948239991072267,107.60111052523825,kampus
-6.906511474408055,107.6004262450394,kampus
-6.9066785500000005,107.60466965,kampus
-6.111616932049929,106.88162729941791,kampus
-6.130484338471599,106.9005425750845,kampus
-6.31324260957689,106.87885919557891,kampus
-6.3086228822646255,106.87958805060163,kampus
-6.236247858814382,106.75388257368103,kampus
-6.234466159832755,106.74728475414973,kampus
-6.169364971149629,106.7862704027089,kampus
-6.301230383097595,106.79015845142739,kampus
-6.271757875444648,106.7983757205806,kampus
-6.116154231068881,106.88006218791752,kampus
-6.2380235139149125,106.76234329610001,kampus
-6.230062031032468,106.76086728114359,kampus
-6.228837935823902,106.76106930327957,kampus
-6.153440049999999,106.72632960000001,kampus
-6.148189300000001,106.72737610000001,kampus
-6.244625747793532,106.8067274107134,kampus
-6.147933650000001,106.7271849,kampus
-6.2474641035156075,106.79096347670323,kampus
-6.158104802178687,106.89401141752103,kampus
-6.241966473379741,106.7889474637824,kampus
-6.143539943780443,106.73082461170222,kampus
-6.154579938816758,106.7308369762842,kampus
-6.169033870912555,106.79022522337095,kampus
-6.167873603148926,106.79028431533709,kampus
-6.167591345436763,106.79380274715628,kampus
-6.167127038313236,106.7968677808202,kampus
-6.1903762212618805,107.02096061046132,kampus
-6.607925649999999,106.79665465000001,kampus
-6.149994248509502,106.78122646106571,kampus
-6.259306468348669,106.76506922884573,kampus
-6.26038545,106.76369704999999,kampus
-6.277587499999999,106.76157745,kampus
-6.260717952608678,106.76896417209822,kampus
-6.561718429787435,106.79595243789706,kampus
-6.55980349938339,106.79293827088016,kampus
-6.2419159855911674,106.78344714011344,kampus
-6.238521884764947,106.7936952192698,kampus
-6.238356360962042,106.77270797339517,kampus
-6.240985394709414,106.79584802514891,kampus
-6.287506041848012,106.76995885724604,kampus
-6.26525175,106.7753279,kampus
-6.26119845,106.77571105,kampus
-6.257628837455512,106.796370979858,kampus
-6.226624199999999,106.7807368,kampus
-6.156792455736486,106.77943600706692,kampus
-6.133717974716127,106.86236739424224,kampus
-6.264844433581582,106.74890369051145,kampus
-6.125362555405317,106.79338723603637,kampus
-6.253859450000001,106.79823815,kampus
-6.118078273681955,106.95816507296196,kampus
-6.238601348922323,106.81528145225565,kampus
-6.904005487555365,107.60461560823,kampus
-6.888300420772207,107.53010114011558,kampus
-6.887231470434784,107.53390719418599,kampus
-6.298533650000005,106.7688952,kampus
-6.297467026254924,106.76729889320485,kampus
-6.298612780734001,106.76783307905859,kampus
-6.2961123238491545,106.7663983244155,kampus
-6.29595615,106.76606505,kampus
-6.3076491,106.75643805000001,kampus
-6.3113684565302455,106.75494775538331,kampus
-6.312431278851338,106.75522448124961,kampus
-6.912483430581739,107.65090237949022,kampus
-6.737747178070646,108.55145238981034,kampus
-6.314728181869752,106.75334702637177,kampus
-6.296079130224451,106.76616026726725,kampus
-6.313465145301484,106.75535310220643,kampus
-6.2260516,106.61835455,kampus
-6.228324773654743,106.61647911283563,kampus
-6.231963788465892,106.61610782239245,kampus
-6.075955202333972,106.66647850625442,kampus
-6.88985377544738,107.61916929572908,kampus
-6.7775988639855616,108.40399624334486,kampus
-6.8073037587419645,108.6121474118001,kampus
-6.898886241490098,107.60994694296055,kampus
-6.280485416631258,107.17114017668004,kampus
-6.280485416631258,107.17114017668004,kampus
-6.324108511532698,107.16927453813757,kampus
-6.285622333935797,107.17060719048914,kampus
-6.223686043214168,106.64925733097891,kampus
-6.875228383432685,107.60543208569622,kampus
-6.875229897299972,107.60543139465409,kampus
-6.915556287881624,106.90470537618317,kampus
-6.973233412394116,107.63029923106299,kampus
-6.320323397191221,106.64984469857023,kampus
-6.283636018757628,106.56817720451939,kampus
-6.283636018757628,106.56817720451939,kampus
-6.920741181596897,107.60792536529011,kampus
-6.593329686911232,106.78992874388585,kampus
-6.9003239955509805,107.64315995087405,kampus
-6.1938500104798315,106.78800154321301,kampus
-6.938294127075304,107.61635374847779,kampus
-6.599227337470084,106.80958417030457,kampus
-6.932822135647311,107.62351126894039,kampus
-6.943158621454238,107.62799763247615,kampus
-6.94962037555043,107.62976026721675,kampus
-6.944297161809559,107.64409712311169,kampus
-6.946682549752751,107.59385532558451,kampus
-6.905383980015626,107.58056798720264,kampus
-6.906004008301754,107.58029316210796,kampus
-6.905940405766428,107.57986544954936,kampus
-6.906162736628034,107.5806807681935,kampus
-6.906234294690976,107.58110712298138,kampus
-6.913886662334317,107.64007993507423,kampus
-6.300452736025196,106.63935503574918,kampus
-6.9224404654027385,107.64990035177536,kampus
-6.899598990719971,107.6402961837483,kampus
-6.2431829723501995,106.52076734162503,kampus
-6.172570607187903,106.78849378094459,kampus
-6.315945301447396,106.67753560259997,kampus
-6.346269122185089,106.69168043938127,kampus
-6.344441725397102,106.67577286682108,kampus
-6.907888849658579,107.60966972675047,kampus
-6.861034734521366,107.59184793354034,kampus
-6.25976687434118,106.46845742245488,kampus
-6.927660662801379,107.7763179008168,kampus
-6.262200640462678,106.91019949088376,kampus
-6.2636497324923734,106.91053197803579,kampus
-6.922738215261741,107.77276293346951,kampus
-6.9301241000522005,107.76296770494584,kampus
-6.932831386461478,107.76648622978163,kampus
-6.928882308681441,107.76877823150065,kampus
-6.945503667302149,107.64454009282126,kampus
-6.931274981791958,107.61529857316114,kampus
-6.870669864165316,107.63393613030294,kampus
-6.248700374985534,106.97073465676912,kampus
-6.906333375202764,107.58182941332792,kampus
-6.3880509066801885,106.93965307693445,kampus
-6.303251759199156,106.87155548397028,kampus
-6.28402821894051,106.7253968470823,kampus
-7.332051667912921,108.34642401733447,kampus
-6.589824359042042,106.80693849657901,kampus
-7.557813900000001,108.35321624999999,kampus
-6.303553548064487,106.63892515521,kampus
-7.001275250000001,107.62018680000001,kampus
-6.890513317754261,107.64672885617301,kampus
-6.2673161381577005,106.73236231467443,kampus
-6.1814212549917364,106.79589445845968,kampus
-6.18567886815746,106.83648931938431,kampus
-6.200218497010902,106.78543456343692,kampus
-6.132101008632082,106.86199327806563,kampus
-6.728692488028682,108.54576220127664,kampus
-6.810776629226955,107.1442977002215,kampus
-6.240657395078527,106.8939085579325,kampus
-6.230118670248419,106.8782909405246,kampus
-6.179497861384755,106.87904388752285,kampus
-6.197055159200013,106.85205476436884,kampus
-6.236214230061436,106.84377448229456,kampus
-6.271662491477136,107.01592201799615,kampus
-6.899417932382398,107.6427980322202,kampus
-6.263334280083823,106.90740947430794,kampus
-6.235272580692626,106.79913124540342,kampus
-6.709442816415578,108.5366973653237,kampus
-6.895732020269189,107.63426931175289,kampus
-6.189744298542491,106.63657582271115,kampus
-7.193377417961983,107.88117960629639,kampus
-6.228526612995069,106.78900211453167,kampus
-6.306648215398101,106.63737034935139,kampus
-6.371661826778898,106.82449112865724,kampus
-6.552335818740469,106.77655994652055,kampus
-6.736125782469375,108.53486343894016,kampus
-6.814100250000001,107.1318734,kampus
-6.223089084907449,107.00938280215276,kampus
-6.530786400010475,106.88771380709308,kampus
-6.172005484392826,106.63347343992358,kampus
-6.905018485454129,107.60840409092089,kampus
-6.4676221469136275,107.57288674289534,kampus
-6.263826841400836,106.61956358020691,kampus
-6.290944177464046,106.57769293406551,kampus
-6.897539882398074,107.62417776070713,kampus
-6.869668814407033,107.62090164370282,kampus
-6.868920970737709,107.61817578581639,kampus
-6.8770483447765525,107.62073612359491,kampus
-6.872452050639808,107.6190340040738,kampus
-6.8934547639922865,107.61707595369067,kampus
-6.886078262801111,107.61405767456344,kampus
-6.418581402857753,106.82766831148592,kampus
-6.30133354341194,107.06522545864382,kampus
-7.384286869773259,108.53629808108919,kampus
-6.17362951404432,106.64202403446824,kampus
-6.930781119439437,106.77323806906588,kampus
-6.324031005537166,107.3013319794927,kampus
-6.58737028895772,106.80095815830455,kampus
-6.587844019207839,106.80717665655392,kampus
-6.555275173433015,106.72346894137749,kampus
-6.555275173433015,106.72346894137749,kampus
-6.343751577129455,106.73780944027123,kampus
-6.9236735,106.92313229999999,kampus
-6.797798267078329,107.94886716364276,kampus
-6.936568423596702,107.71011176532487,kampus
-6.936922899298642,107.70864491545248,kampus
-6.9416182526167205,107.70401653185833,kampus
-6.456670385982458,106.66726358517641,kampus
-6.313340474167737,106.68901116265232,kampus
-6.9346461999999995,107.64610725000001,kampus
-6.913826224627795,107.72841435086235,kampus
-6.942155356844623,107.65023217891512,kampus
-6.935654518871286,107.65672203359694,kampus
-6.242459111701805,106.75216403786187,kampus
-6.354520029140095,107.19875239602642,kampus
-7.3139850281583785,108.35564482866327,kampus
-6.227191504694416,106.8478277435131,kampus
-6.372569397917449,106.82411728946485,kampus
-6.258887668765676,106.95928483917127,kampus
-7.334338881744057,108.39122269568782,kampus
-7.36898965852157,108.67751094890167,kampus
-6.130371005476514,106.81822495045259,kampus
-6.158482325879626,106.97231781206553,kampus
-6.292216022579297,106.72556844669978,kampus
-6.612383435958412,106.88923463205444,kampus
-6.217455382061557,106.82861560202741,kampus
-6.219745783424531,106.99965433354483,kampus
-6.359143133620097,107.19835197413313,kampus
-6.580677249999998,106.76644934999999,kampus
-6.573307292863394,106.7427423031325,kampus
-6.580235303946342,106.76198328203773,kampus
-6.97486799140367,107.62381990806445,kampus
-6.537482457513571,106.74090275856669,kampus
-6.5635519957014665,106.69876577092617,kampus
-6.562846556832551,106.79532598118679,kampus
-6.555172801764198,106.79990599767743,kampus
-6.560186238550218,106.68892058824362,kampus
-6.5688070644543055,106.84702234064666,kampus
-6.897069815058989,107.63644963983764,kampus
-6.273065978190609,106.52638379177694,kampus
-6.315278230127547,106.90639939079007,kampus
-6.870930352745207,107.57186233044477,kampus
-6.872182100783513,107.57326184063886,kampus
-6.24710216032383,106.97558045450036,kampus
-6.1512065401345675,106.88673322546217,kampus
-6.7478070538918855,106.83680993810397,kampus
-6.303736860937945,107.33712351915077,kampus
-6.655739735154661,106.85561795674138,kampus
-6.653264436117208,106.85934284635108,kampus
-6.355998115404348,106.75380834174442,kampus
-6.949988734155684,107.62275867451794,kampus
-6.950114979400302,107.6246441368543,kampus
-6.562399386831044,106.73496649489269,kampus
-6.739888385594236,108.5232447475346,kampus
-6.739916093297803,108.52382388144359,kampus
-6.736423699979454,108.52844266873565,kampus
-6.195524629073997,106.63449998487701,kampus
-6.738576294653384,108.52394493435614,kampus
-6.736089485636049,108.52671307867641,kampus
-6.736799663787661,108.52663455656179,kampus
-6.732797453048041,108.53539373044433,kampus
-6.210635846262781,106.82540632644623,kampus
-6.943191107963068,107.62793258194193,kampus
-6.735257994631418,108.53526856311628,kampus
-6.729265808075204,108.54294973985465,kampus
-6.936867102352339,107.71257984993427,kampus
-6.665555232798563,108.41455647223182,kampus
-6.90413441742119,107.61714644369188,kampus
-6.73110045160356,108.53922218431298,kampus
-6.733867659268549,108.5532401588792,kampus
-7.332356161805598,106.57448122109652,kampus
-6.733769938005581,108.53824916360102,kampus
-6.228380190746378,106.61683069127564,kampus
-6.23168072621918,106.61579617281394,kampus
-6.225486632702103,106.59670163511551,kampus
-6.451361099725757,106.51161717047586,kampus
-6.155200206931456,106.75055291767626,kampus
-6.941854672056124,106.95452666575993,kampus
-6.907745605589226,106.92544005015841,kampus
-6.193341151148725,106.62910779218892,kampus
-6.1924669368138305,106.63085225951693,kampus
-6.86486974911233,107.47548004452644,kampus
-6.87196846018077,107.467739874657,kampus
-6.386764772270716,106.7451746263057,kampus
-6.733887874320068,108.53732368363033,kampus
-6.928360014800357,107.62332991680537,kampus
-6.175076213088019,107.02411277302761,kampus
-6.894310188277206,107.61251731642845,kampus
-6.895498448660653,107.61329055617239,kampus
-6.946524314993171,107.59386935144234,kampus
-6.313810480363882,106.91538445346963,kampus
-7.202200868288793,107.88351917687719,kampus
-7.202780807893705,107.88252162635719,kampus
