id,kode_provinsi,nama_provinsi,kode_kabupaten_kota,nama_kabupaten_kota,jumlah_pasar,satuan,tahun
1,32,JAWA BARAT,3201,KABUPATEN BOGOR,43,UNIT,2019
2,32,JAWA BARAT,3202,KABUPATEN SUKABUMI,55,UNIT,2019
3,32,JAWA BARAT,3203,KABUPATEN CIANJUR,18,UNIT,2019
4,32,JAWA BARAT,3204,KABUPATEN BANDUNG,51,UNIT,2019
5,32,JAWA BARAT,3205,KABUPATEN GARUT,70,UNIT,2019
6,32,JAWA BARAT,3206,KABUPATEN TASIKMALAYA,56,UNIT,2019
7,32,JAWA BARAT,3207,KABUPATEN CIAMIS,65,UNIT,2019
8,32,JAWA BARAT,3208,KABUPATEN KUNINGAN,36,UNIT,2019
9,32,JAWA BARAT,3209,KABUPATEN CIREBON,33,UNIT,2019
10,32,JAWA BARAT,3210,KABUPATEN MAJALENGKA,47,UNIT,2019
11,32,JAWA BARAT,3211,KABUPATEN SUMEDANG,41,UNIT,2019
12,32,JAWA BARAT,3212,KABUPATEN INDRAMAYU,38,UNIT,2019
13,32,JAWA BARAT,3213,KABUPATEN SUBANG,30,UNIT,2019
14,32,JAWA BARAT,3214,KABUPATEN PURWAKARTA,16,UNIT,2019
15,32,JAWA BARAT,3215,KABUPATEN KARAWANG,50,UNIT,2019
16,32,JAWA BARAT,3216,KABUPATEN BEKASI,33,UNIT,2019
17,32,JAWA BARAT,3217,KABUPATEN BANDUNG BARAT,16,UNIT,2019
18,32,JAWA BARAT,3218,KABUPATEN PANGANDARAN,26,UNIT,2019
19,32,JAWA BARAT,3271,KOTA BOGOR,16,UNIT,2019
20,32,JAWA BARAT,3272,KOTA SUKABUMI,6,UNIT,2019
21,32,JAWA BARAT,3273,KOTA BANDUNG,48,UNIT,2019
22,32,JAWA BARAT,3274,KOTA CIREBON,13,UNIT,2019
23,32,JAWA BARAT,3275,KOTA BEKASI,14,UNIT,2019
24,32,JAWA BARAT,3276,KOTA DEPOK,11,UNIT,2019
25,32,JAWA BARAT,3277,KOTA CIMAHI,4,UNIT,2019
26,32,JAWA BARAT,3278,KOTA TASIKMALAYA,8,UNIT,2019
27,32,JAWA BARAT,3279,KOTA BANJAR,4,UNIT,2019
28,32,JAWA BARAT,3201,KABUPATEN BOGOR,76,UNIT,2020
29,32,JAWA BARAT,3202,KABUPATEN SUKABUMI,95,UNIT,2020
30,32,JAWA BARAT,3203,KABUPATEN CIANJUR,18,UNIT,2020
31,32,JAWA BARAT,3204,KABUPATEN BANDUNG,26,UNIT,2020
32,32,JAWA BARAT,3205,KABUPATEN GARUT,70,UNIT,2020
33,32,JAWA BARAT,3206,KABUPATEN TASIKMALAYA,56,UNIT,2020
34,32,JAWA BARAT,3207,KABUPATEN CIAMIS,52,UNIT,2020
35,32,JAWA BARAT,3208,KABUPATEN KUNINGAN,36,UNIT,2020
36,32,JAWA BARAT,3209,KABUPATEN CIREBON,30,UNIT,2020
37,32,JAWA BARAT,3210,KABUPATEN MAJALENGKA,48,UNIT,2020
38,32,JAWA BARAT,3211,KABUPATEN SUMEDANG,42,UNIT,2020
39,32,JAWA BARAT,3212,KABUPATEN INDRAMAYU,38,UNIT,2020
40,32,JAWA BARAT,3213,KABUPATEN SUBANG,37,UNIT,2020
41,32,JAWA BARAT,3214,KABUPATEN PURWAKARTA,16,UNIT,2020
42,32,JAWA BARAT,3215,KABUPATEN KARAWANG,33,UNIT,2020
43,32,JAWA BARAT,3216,KABUPATEN BEKASI,34,UNIT,2020
44,32,JAWA BARAT,3217,KABUPATEN BANDUNG BARAT,16,UNIT,2020
45,32,JAWA BARAT,3218,KABUPATEN PANGANDARAN,32,UNIT,2020
46,32,JAWA BARAT,3271,KOTA BOGOR,16,UNIT,2020
47,32,JAWA BARAT,3272,KOTA SUKABUMI,6,UNIT,2020
48,32,JAWA BARAT,3273,KOTA BANDUNG,48,UNIT,2020
49,32,JAWA BARAT,3274,KOTA CIREBON,12,UNIT,2020
50,32,JAWA BARAT,3275,KOTA BEKASI,14,UNIT,2020
51,32,JAWA BARAT,3276,KOTA DEPOK,8,UNIT,2020
52,32,JAWA BARAT,3277,KOTA CIMAHI,4,UNIT,2020
53,32,JAWA BARAT,3278,KOTA TASIKMALAYA,8,UNIT,2020
54,32,JAWA BARAT,3279,KOTA BANJAR,7,UNIT,2020
55,32,JAWA BARAT,3201,KABUPATEN BOGOR,77,UNIT,2021
56,32,JAWA BARAT,3202,KABUPATEN SUKABUMI,95,UNIT,2021
57,32,JAWA BARAT,3203,KABUPATEN CIANJUR,78,UNIT,2021
58,32,JAWA BARAT,3204,KABUPATEN BANDUNG,30,UNIT,2021
59,32,JAWA BARAT,3205,KABUPATEN GARUT,70,UNIT,2021
60,32,JAWA BARAT,3206,KABUPATEN TASIKMALAYA,57,UNIT,2021
61,32,JAWA BARAT,3207,KABUPATEN CIAMIS,52,UNIT,2021
62,32,JAWA BARAT,3208,KABUPATEN KUNINGAN,38,UNIT,2021
63,32,JAWA BARAT,3209,KABUPATEN CIREBON,31,UNIT,2021
64,32,JAWA BARAT,3210,KABUPATEN MAJALENGKA,48,UNIT,2021
65,32,JAWA BARAT,3211,KABUPATEN SUMEDANG,42,UNIT,2021
66,32,JAWA BARAT,3212,KABUPATEN INDRAMAYU,38,UNIT,2021
67,32,JAWA BARAT,3213,KABUPATEN SUBANG,37,UNIT,2021
68,32,JAWA BARAT,3214,KABUPATEN PURWAKARTA,16,UNIT,2021
69,32,JAWA BARAT,3215,KABUPATEN KARAWANG,33,UNIT,2021
70,32,JAWA BARAT,3216,KABUPATEN BEKASI,57,UNIT,2021
71,32,JAWA BARAT,3217,KABUPATEN BANDUNG BARAT,16,UNIT,2021
72,32,JAWA BARAT,3218,KABUPATEN PANGANDARAN,32,UNIT,2021
73,32,JAWA BARAT,3271,KOTA BOGOR,16,UNIT,2021
74,32,JAWA BARAT,3272,KOTA SUKABUMI,8,UNIT,2021
75,32,JAWA BARAT,3273,KOTA BANDUNG,49,UNIT,2021
76,32,JAWA BARAT,3274,KOTA CIREBON,12,UNIT,2021
77,32,JAWA BARAT,3275,KOTA BEKASI,14,UNIT,2021
78,32,JAWA BARAT,3276,KOTA DEPOK,11,UNIT,2021
79,32,JAWA BARAT,3277,KOTA CIMAHI,4,UNIT,2021
80,32,JAWA BARAT,3278,KOTA TASIKMALAYA,10,UNIT,2021
81,32,JAWA BARAT,3279,KOTA BANJAR,8,UNIT,2021
82,32,JAWA BARAT,3201,KABUPATEN BOGOR,78,UNIT,2022
83,32,JAWA BARAT,3202,KABUPATEN SUKABUMI,95,UNIT,2022
84,32,JAWA BARAT,3203,KABUPATEN CIANJUR,78,UNIT,2022
85,32,JAWA BARAT,3204,KABUPATEN BANDUNG,30,UNIT,2022
86,32,JAWA BARAT,3205,KABUPATEN GARUT,65,UNIT,2022
87,32,JAWA BARAT,3206,KABUPATEN TASIKMALAYA,57,UNIT,2022
88,32,JAWA BARAT,3207,KABUPATEN CIAMIS,52,UNIT,2022
89,32,JAWA BARAT,3208,KABUPATEN KUNINGAN,32,UNIT,2022
90,32,JAWA BARAT,3209,KABUPATEN CIREBON,31,UNIT,2022
91,32,JAWA BARAT,3210,KABUPATEN MAJALENGKA,48,UNIT,2022
92,32,JAWA BARAT,3211,KABUPATEN SUMEDANG,45,UNIT,2022
93,32,JAWA BARAT,3212,KABUPATEN INDRAMAYU,38,UNIT,2022
94,32,JAWA BARAT,3213,KABUPATEN SUBANG,37,UNIT,2022
95,32,JAWA BARAT,3214,KABUPATEN PURWAKARTA,16,UNIT,2022
96,32,JAWA BARAT,3215,KABUPATEN KARAWANG,33,UNIT,2022
97,32,JAWA BARAT,3216,KABUPATEN BEKASI,58,UNIT,2022
98,32,JAWA BARAT,3217,KABUPATEN BANDUNG BARAT,16,UNIT,2022
99,32,JAWA BARAT,3218,KABUPATEN PANGANDARAN,28,UNIT,2022
100,32,JAWA BARAT,3271,KOTA BOGOR,17,UNIT,2022
101,32,JAWA BARAT,3272,KOTA SUKABUMI,8,UNIT,2022
102,32,JAWA BARAT,3273,KOTA BANDUNG,49,UNIT,2022
103,32,JAWA BARAT,3274,KOTA CIREBON,12,UNIT,2022
104,32,JAWA BARAT,3275,KOTA BEKASI,14,UNIT,2022
105,32,JAWA BARAT,3276,KOTA DEPOK,12,UNIT,2022
106,32,JAWA BARAT,3277,KOTA CIMAHI,4,UNIT,2022
107,32,JAWA BARAT,3278,KOTA TASIKMALAYA,10,UNIT,2022
108,32,JAWA BARAT,3279,KOTA BANJAR,8,UNIT,2022
109,32,JAWA BARAT,3201,KABUPATEN BOGOR,78,UNIT,2023
110,32,JAWA BARAT,3202,KABUPATEN SUKABUMI,95,UNIT,2023
111,32,JAWA BARAT,3203,KABUPATEN CIANJUR,78,UNIT,2023
112,32,JAWA BARAT,3204,KABUPATEN BANDUNG,30,UNIT,2023
113,32,JAWA BARAT,3205,KABUPATEN GARUT,65,UNIT,2023
114,32,JAWA BARAT,3206,KABUPATEN TASIKMALAYA,57,UNIT,2023
115,32,JAWA BARAT,3207,KABUPATEN CIAMIS,52,UNIT,2023
116,32,JAWA BARAT,3208,KABUPATEN KUNINGAN,32,UNIT,2023
117,32,JAWA BARAT,3209,KABUPATEN CIREBON,31,UNIT,2023
118,32,JAWA BARAT,3210,KABUPATEN MAJALENGKA,48,UNIT,2023
119,32,JAWA BARAT,3211,KABUPATEN SUMEDANG,45,UNIT,2023
120,32,JAWA BARAT,3212,KABUPATEN INDRAMAYU,38,UNIT,2023
121,32,JAWA BARAT,3213,KABUPATEN SUBANG,37,UNIT,2023
122,32,JAWA BARAT,3214,KABUPATEN PURWAKARTA,16,UNIT,2023
123,32,JAWA BARAT,3215,KABUPATEN KARAWANG,33,UNIT,2023
124,32,JAWA BARAT,3216,KABUPATEN BEKASI,58,UNIT,2023
125,32,JAWA BARAT,3217,KABUPATEN BANDUNG BARAT,16,UNIT,2023
126,32,JAWA BARAT,3218,KABUPATEN PANGANDARAN,28,UNIT,2023
127,32,JAWA BARAT,3271,KOTA BOGOR,17,UNIT,2023
128,32,JAWA BARAT,3272,KOTA SUKABUMI,8,UNIT,2023
129,32,JAWA BARAT,3273,KOTA BANDUNG,49,UNIT,2023
130,32,JAWA BARAT,3274,KOTA CIREBON,12,UNIT,2023
131,32,JAWA BARAT,3275,KOTA BEKASI,14,UNIT,2023
132,32,JAWA BARAT,3276,KOTA DEPOK,12,UNIT,2023
133,32,JAWA BARAT,3277,KOTA CIMAHI,4,UNIT,2023
134,32,JAWA BARAT,3278,KOTA TASIKMALAYA,10,UNIT,2023
135,32,JAWA BARAT,3279,KOTA BANJAR,8,UNIT,2023
